,url
0,b'https://banen.monsterboard.nl/analist-microbiologie-schiedam-zh-nl-nofalab-b-v/221302072'
1,b'https://banen.monsterboard.nl/analytics-data-controller-almelo-ov-nl-michael-page-international-netherlands-sa/222418805'
2,b'https://banen.monsterboard.nl/b-i-specialist-data-analist-data-consultant-zeist-ut-nl-computer-futures/221492016'
3,b'https://banen.monsterboard.nl/big-data-developer-utrecht-nl-cooder-x-viqtor-davis/bcd87cb0-c93c-4ea7-8802-61cfac6ea85c'
4,b'https://banen.monsterboard.nl/big-data-engineer-\xe2\x80\x98s-hertogenbosch-nl-cooder-x-vry/5ea0a225-517d-4333-949d-2a913d94f133'
5,b'https://banen.monsterboard.nl/biomedisch-analist-mlo-oost-brabant-nb-nl-balans/222214903'
6,b'https://banen.monsterboard.nl/business-analist-abn-amro-amersfoort-ut-nl-carrierecafe/220975479'
7,b'https://banen.monsterboard.nl/business-analist-amersfoort-ut-nl-passionned-nederland-bv/a0aac759-6820-4b7d-b390-86ff23ca0420'
8,b'https://banen.monsterboard.nl/business-analist-customer-markets-\xe2\x80\x93-h005-arnhem-ge-nl-chiefs-of-it-b-v/dd69920c-71c8-4d9c-872b-9ac1c1d09b9f'
9,b'https://banen.monsterboard.nl/business-analist-den-haag-nl-militaire-inlichtingen/c01f4fdb-11c8-4fef-815d-c4c6eab2f171'
10,b'https://banen.monsterboard.nl/business-analist-managementinformatie-apeldoorn-ge-nl-belastingdienst/2f4c27ca-8e7d-45b3-921f-fb94dde9f038'
11,b'https://banen.monsterboard.nl/business-analist-utrecht-ut-nl-belastingdienst/427fa7cc-d454-4038-8204-cb5b4a8d7949'
12,b'https://banen.monsterboard.nl/business-analist-utrecht-ut-nl-carrierecafe/220975573'
13,b'https://banen.monsterboard.nl/business-analist-zeist-ut-nl-adapt-business-analytics-b-v/417c7d2f-6254-40a2-92d9-4b3db9bed094'
14,b'https://banen.monsterboard.nl/business-analyst-logistic-operations-aalsmeer-nh-nl-kelly-services-netherlands/222216841'
15,b'https://banen.monsterboard.nl/business-analyst-logistic-operations-amsterdam-nh-nl-aquent/fc48d84f-aa3c-4914-bbc2-644ef807ec32'
16,b'https://banen.monsterboard.nl/business-intelligence-data-analyst-leiden-nl-cooder-x-northpool/5cfc4203-36b7-4021-86c4-044cdadfdd2b'
17,b'https://banen.monsterboard.nl/commercial-data-analyst-amsterdam-nh-nl-walters-people/222220145'
18,b'https://banen.monsterboard.nl/data-analist-abn-amro-amersfoort-ut-nl-carrierecafe/220975451'
19,b'https://banen.monsterboard.nl/data-analist-amsterdam-nh-nl-carrierecafe/220975566'
20,b'https://banen.monsterboard.nl/data-analist-amsterdam-nh-nl-ormer-solutions-bv/ddd71c88-8e28-4be8-89ed-99f48e81b6c2'
21,b'https://banen.monsterboard.nl/data-analist-fraudebeheersing-enschede-ov-nl-menzis/33ffed2c-9de7-4424-a3ec-7c32ed54f81a'
22,b'https://banen.monsterboard.nl/data-analist-in-fanmarketing-bij-fanalists-ouderkerk-aan-de-amstel-nh-nl-house-of-sports-sportsspeakers-sports-exposure-nationale-schaatsbon/6b013d0b-13f3-49e4-827a-e721479caca1'
23,b'https://banen.monsterboard.nl/data-analist-utrecht-ut-nl-cgi-nederland-b-v/221899137'
24,b'https://banen.monsterboard.nl/data-analist-utrecht-ut-nl-jelling-it-professionals/047b1a1f-e876-4fa3-9a8a-e15189fa0303'
25,b'https://banen.monsterboard.nl/data-analist-utrecht-ut-nl-kvk/66e52981-9318-4fc4-8e08-734bfd2de69f'
26,b'https://banen.monsterboard.nl/data-analist-utrecht-ut-nl-yacht/222371676'
27,b'https://banen.monsterboard.nl/data-analist-water-utrecht-of-lelystad-ut-nl-rijkswaterstaat/91998aca-71d7-4cea-9343-68f4b5fae04d'
28,b'https://banen.monsterboard.nl/data-analist-wijchen-ge-nl-randstad/222363993'
29,b'https://banen.monsterboard.nl/data-analyst-business-data-den-haag-zh-nl-het-management-centrum/66bb4e88-fc23-4e2e-9461-fd1e8a9bfbf6'
30,b'https://banen.monsterboard.nl/data-analyst-internship-amsterdam-nh-nl-richemont/344a14a7-3673-46d5-9e13-b080f9100c12'
31,b'https://banen.monsterboard.nl/data-analyst-internship-m-f-x-rotterdam-nl-pg/30e5f830-3363-4df8-8676-0b3c8ab3ae0b'
32,b'https://banen.monsterboard.nl/data-analyst-internship-m-f-x-rotterdam-nl-procter-gamble-co/33eb2b88-aa58-4afa-be7b-84dd8cc5fead'
33,b'https://banen.monsterboard.nl/data-analyst-power-bi-ifrs-17-den-haag-zh-nl-isense-ict-professionals/222152563'
34,b'https://banen.monsterboard.nl/data-analytics-consultant-bij-creates-utrecht-ut-nl-caesar-groep-caesar-experts/2e831960-e34d-4d6d-8643-3da58d6910b6'
35,b'https://banen.monsterboard.nl/data-analytics-consultant-den-haag-nl-cooder-x-pong/dc5d7d98-e512-4648-985e-11d471a4ec1b'
36,b'https://banen.monsterboard.nl/data-analytics-consultants-hengelo-ov-nl-twente/222282225'
37,b'https://banen.monsterboard.nl/data-analytics-engineer-amsterdam-nh-nl-finaps/e6dde188-2141-4b20-b6ff-de23d5d00493'
38,b'https://banen.monsterboard.nl/data-analytics-masterclass-februari-2021-utrecht-ut-nl-human-capital/222354620'
39,b'https://banen.monsterboard.nl/data-analytics-masterclass-utrecht-ut-nl-human-capital/218652284'
40,b'https://banen.monsterboard.nl/data-analytics-specialist-amsterdam-amsterdam-nl-cooder-x-pancompany/743aea3f-b486-4d3f-b259-d9bf4647b376'
41,b'https://banen.monsterboard.nl/data-analytics-specialist-den-bosch-\xe2\x80\x98s-hertogenbosch-nl-cooder-x-pancompany/2bfda8e0-2bba-47f7-8965-ae7197c9a89a'
42,b'https://banen.monsterboard.nl/data-scientist-data-analist-hbo-wo-amersfoort-ut-nl-talent-groep-nederland/45ad8f62-305d-4d9a-ab6d-4299c9b7e240'
43,b'https://banen.monsterboard.nl/datamodel-analist-ing-amsterdam-nh-nl-carrierecafe/220975480'
44,b'https://banen.monsterboard.nl/devops-engineer-5-senior-analyst-datawarehouse-heerlen-li-nl-apg-groep/ed3facf8-7ed8-4f66-9c83-ac4416510855'
45,b'https://banen.monsterboard.nl/devops-engineer-senior-analyst-datawarehouse-heerlen-li-nl-apg-groep/9deb8734-f8ee-4c6d-ad07-b2b71fbd2fb9'
46,b'https://banen.monsterboard.nl/erp-data-analyst-amsterdam-nh-nl-balr-b-v/b640ce7c-472b-498c-add3-64c9f31a9833'
47,b'https://banen.monsterboard.nl/finance-operations-analyst-maternity-cover-amsterdam-nh-nl-walters-people/222416598'
48,b'https://banen.monsterboard.nl/financial-business-reporting-analyst-leiden-zh-nl-fairplay-engineering/221669683'
49,b'https://banen.monsterboard.nl/freelance-data-analist-sociaal-domein-provincie-utrecht-provincie-utrecht-nl-steens-partners/c753ebe9-1358-4811-af59-78c6029ca849'
50,b'https://banen.monsterboard.nl/ict-held-voor-combi-programmeur-data-analist-baarn-nl-cooder-x-orange-peak-company/997701c1-f2ff-4efd-b162-5defc6ae9294'
51,b'https://banen.monsterboard.nl/indomo-analytics-data-director-amsterdam-nh-nl-ogilvy/8f57ebb2-94c8-4d90-8106-f9d5cdf34b77'
52,b'https://banen.monsterboard.nl/indomo-analytics-data-director-amsterdam-nl-groupm/5faef0ac-f8ca-49af-bd9e-728dae89ad79'
53,b'https://banen.monsterboard.nl/indomo-analytics-data-director-amsterdam-nl-mediacom/d90ea8c5-c344-4076-8de8-172149a73d11'
54,b'https://banen.monsterboard.nl/indomo-analytics-data-director-amsterdam-nl-the-exchange-lab/43b1228a-b34c-422d-ab3e-efb1aa35c6df'
55,b'https://banen.monsterboard.nl/indomo-senior-campaign-performance-analyst-amsterdam-nh-nl-ogilvy/e46c7b39-9572-4da6-acd0-5eedc2ef1d0d'
56,b'https://banen.monsterboard.nl/indomo-senior-campaign-performance-analyst-amsterdam-nl-groupm/42a0a50e-ea8c-4c94-88b8-432c6904d47e'
57,b'https://banen.monsterboard.nl/indomo-senior-campaign-performance-analyst-amsterdam-nl-mediacom/cb9caa33-88a6-449c-adcd-8b0b6057ef4f'
58,b'https://banen.monsterboard.nl/indomo-senior-campaign-performance-analyst-amsterdam-nl-the-exchange-lab/0032d69c-a4ab-4e9f-9412-32a60ef0c08b'
59,b'https://banen.monsterboard.nl/informatieanalist-maatschappelijk-verantwoord-semantisch-web-amsterdam-nh-nl-isense/222342740'
60,b'https://banen.monsterboard.nl/internship-hr-data-analytics-zoetermeer-nl-zoetermeer-nl-danone/f39ebba1-7aad-480a-9c48-03b6a64e53cd'
61,b'https://banen.monsterboard.nl/it-informatie-analist-heerlen-li-nl-cbs-centraal-bureau-voor-de-statistiek/6f1b6e12-dcd5-4b63-95b4-a82b06ee2d93'
62,b'https://banen.monsterboard.nl/junior-analyst-revenue-reporting-analysis-den-haag-zh-nl-ses/d111bebf-987a-4de4-81e7-0b870d569ab3'
63,b'https://banen.monsterboard.nl/junior-data-analist-business-intelligence-specialist-velserbroek-nh-nl-boval-groep/449204dc-3211-429f-8cc4-1e9727e5f7ba'
64,b'https://banen.monsterboard.nl/junior-data-analist-doetinchem-ge-nl-dtc-media-opm/a5b7ffe2-4e35-4537-ba82-8f9ebad825ee'
65,b'https://banen.monsterboard.nl/junior-data-analist-dordrecht-dordrecht-zh-nl-engie-nederland/222165058'
66,b'https://banen.monsterboard.nl/junior-finance-risk-data-analist-internationaal-utrecht-ut-nl-joust-b-v/3da09358-7486-4b88-aa24-82ace7027a74'
67,b'https://banen.monsterboard.nl/junior-finance-risk-data-analist-\xe2\x80\x93-utrecht-utrecht-ut-nl-young-financials/73912575-0d30-4eb6-97cb-6f1cca5cb159'
68,b'https://banen.monsterboard.nl/junior-financial-data-analist-amsterdam-nh-nl-joust-b-v/cccf1ab4-5366-4590-b78b-866c66b97299'
69,b'https://banen.monsterboard.nl/labeling-specialist-data-analist-alkmaar-nh-nl-page-personnel/221822379'
70,b'https://banen.monsterboard.nl/lead-business-analist-forecasting-rotterdam-zh-nl-coolblue/221814816'
71,b'https://banen.monsterboard.nl/logistiek-data-analist-den-haag-zh-nl-postnl/222364237'
72,b'https://banen.monsterboard.nl/markt-analist-data-analist-business-analist-wormer-nh-nl-van-til-recruitment/222140714'
73,b'https://banen.monsterboard.nl/master-data-junior-analyst-amsterdam-nl-stryker/3af25756-57a1-4f3d-9345-03bfd7773e69'
74,b'https://banen.monsterboard.nl/medior-bi-analyst-data-scientist-tilburg-nb-nl-michael-page-international-netherlands-sa/221689739'
75,b'https://banen.monsterboard.nl/medior-data-analist-amsterdam-nl-yourprofessionals/e255a9f4-217d-4936-8b12-4b2665941d2c'
76,b'https://banen.monsterboard.nl/microbiologisch-analist-levensmiddelen-mlo-hlo-woerden-ut-nl-professionals-in-food/222437257'
77,b'https://banen.monsterboard.nl/omnichannel-data-analyst-amsterdam-nl-pvh-corp/e224b705-36e3-4cad-8525-9c8ad6c30419'
78,b'https://banen.monsterboard.nl/performance-management-analyst-utrecht-area-utrecht-ut-nl-abroad-experience-recruitment-agency/222112995'
79,b'https://banen.monsterboard.nl/postdoctoral-researcher-in-gravitational-wave-data-analysis-searches-1-0-fte-utrecht-nl-universiteit-utrecht/7b12c64a-8b5d-443d-b9be-457970f8c206'
80,b'https://banen.monsterboard.nl/pricing-data-senior-analyst-multiple-working-locations-in-europe-or-us-schiphol-nh-nl-cargill/222382561'
81,b'https://banen.monsterboard.nl/rapportage-specialist-data-analist-interim-eindhoven-nb-nl-sos-international/93436c49-3914-4e3a-b5d2-c90dca1bac4c'
82,b'https://banen.monsterboard.nl/research-analyst-intern-as-of-january-amsterdam-nh-nl-newzoo-hq/a0f00581-4d92-4554-9976-ad8e22e7b8b3'
83,b'https://banen.monsterboard.nl/rsm-\xe2\x80\xa2-analyst-business-consulting-services-amsterdam-nh-nl-aureus-iproma/82ee7de2-45fd-4c70-8249-c4b529235a08'
84,b'https://banen.monsterboard.nl/senior-analyst-compensation-benefits-amsterdam-nl-pvh-corp/605e845f-5d50-4d03-bd17-d2d2021ea3f8'
85,b'https://banen.monsterboard.nl/senior-business-analist-geo-amsterdam-nh-nl-red-data-b-v/7dbc295e-fa44-45b5-942b-fb4758551f33'
86,b'https://banen.monsterboard.nl/senior-business-analyst-veghel-nb-nl-vanderlande-industries-nederland-bv/c85469d3-9f67-4933-b344-12986ccc6d1f'
87,b'https://banen.monsterboard.nl/senior-master-data-analyst-ecommerce-amsterdam-nl-pvh-corp/1e1bac83-0989-4967-9a44-7761c7737a9f'
88,b'https://banen.monsterboard.nl/senior-qrm-business-analyst-alm-utrecht-ut-nl-rabobank/ef23c68a-b4ac-4b3c-b3e6-662a94bacc74'
89,b'https://banen.monsterboard.nl/specialist-analist-interne-beheersing-en-grc-den-haag-nl-p/7e85def4-155b-49fd-9e50-3fcdc62d41cf'
90,b'https://banen.monsterboard.nl/stage-data-analist-zorg-in-onderwijs-den-haag-nl-ministerie-van-onderwijs/05f7c3bf-a7d4-451a-9587-54f54324a438'
91,b'https://banen.monsterboard.nl/supply-chain-analyst-limburg-li-nl-medtronic/759b03d1-fdfd-42d9-9655-3ca7a1004454'
92,b'https://banen.monsterboard.nl/tax-analyst-spanish-or-italian-hoek-ze-nl-randstad/222153817'
93,b'https://banen.monsterboard.nl/tax-analyst-spanish-or-italian-hoek-ze-nl-tempo-team/222117744'
94,b'https://banen.monsterboard.nl/technical-web-analyst-amsterdam-nl-cooder-x-valtech/cee6064b-66f9-46e3-bd04-04c552f21aab'
95,b'https://banen.monsterboard.nl/technical-web-analyst-amsterdam-nl-pvh-corp/ad360739-2d43-4ab5-b2f2-83a38db2d80e'
96,b'https://banen.monsterboard.nl/transport-data-analyst-job-kerkrade-li-nl-kerkrade-li-nl-boston-scientific/ba9e6a30-8081-4b07-a292-0cd423027a4b'
97,b'https://banen.monsterboard.nl/vacancy-process-analyst-eindhoven-nb-nl-unipartners/957b5a8b-8188-4f01-896b-fb0c85be18d3'
98,b'https://banen.monsterboard.nl/vacature-big-data-analytics-trainees-gezocht-amsterdam-nh-nl-otwee/6bfd8b19-1dfb-4023-a9c3-f510f3c6b5ce'
99,b'https://banen.monsterboard.nl/vacature-junior-data-analisten-en-datascientisten-utrecht-ut-nl-otwee/af68c0c1-3bbe-49dd-95d9-48e84f4769b1'
100,b'https://banen.monsterboard.nl/wat-je-doet-als-business-analist-platform-quality-utrecht-ut-nl-bol-com/80affeae-f6be-4bdc-bde5-922b893dfcc3'
101,b'https://banen.monsterboard.nl/webanalist-diemen-nh-nl-randstad-corporate-recruitment/221830227'
